uni,value
old exposure,3927061.0
new exposure,3853907.672392819
cost incr,84928.19339218066
cost decr,110831.32034476404
profit,690907.2142058471
net profit,495147.7004689024
risk weight,1926953.9519309995
risk weight limit,1926953.7318721605
covariance,188722845246.06802
max possible profit,618935.6739054273
target %,80.0
